frame,track_id,class,conf,cx,cy,D_pixels,T_seconds,speed_kmh,count_trucks_unique
15,6,truck,0.6818821430206299,400.0937805175781,156.80328369140625,11.519772987248245,0.6,1.860886405632409,2
30,6,truck,0.4773823916912079,418.7001647949219,167.66006469726562,21.54221971442612,0.6,3.4798970307919124,3
45,6,truck,0.46286848187446594,446.77532958984375,185.48892211914062,33.257826264091584,0.6,5.372418088814794,3
46,36,truck,0.47445279359817505,128.559326171875,265.6773681640625,101.44400780110179,0.6,16.387108952485672,3
60,6,truck,0.5119858980178833,503.83331298828125,221.348388671875,67.39076085367712,0.6,10.886199830209382,6
62,36,truck,0.4471186697483063,169.93832397460938,229.45962524414062,54.99041997532388,0.6,8.883067842167705,7
63,80,truck,0.3406858742237091,107.22007751464844,238.37652587890625,62.85971095796376,0.6,10.154261000901839,7
80,36,truck,0.41586828231811523,200.06051635742188,204.10546875,39.37232133745736,0.6,6.360144216050805,8
95,36,truck,0.5521605014801025,217.3507080078125,191.71380615234375,21.272142071740507,0.6,3.436269103896544,10
110,36,truck,0.4471976161003113,229.88198852539062,181.2699432373047,16.312794649817345,0.6,2.6351437511243407,10
132,36,truck,0.3050336241722107,242.76077270507812,170.81898498535156,16.585704742537793,0.6,2.6792292276407204,15
151,36,truck,0.341831773519516,252.3201904296875,162.90370178222656,12.411050708441248,0.6,2.0048620375174324,15
271,216,truck,0.5537051558494568,377.77630615234375,143.16177368164062,8.073322927445695,0.6,1.3041521652027661,21
281,228,truck,0.6406955718994141,67.01056671142578,269.66094970703125,57.4198192659229,0.6,9.2755092660337,21
287,216,truck,0.4742492437362671,385.98626708984375,148.01165771484375,9.53545149455851,0.6,1.5403421645056057,22
296,228,truck,0.6038092970848083,112.9501953125,239.9320068359375,54.719827498671584,0.6,8.83935674978541,22
298,234,truck,0.5300809144973755,395.21868896484375,153.0341796875,13.5474409889334,0.6,2.1884327751353956,23
303,216,truck,0.48736485838890076,398.85546875,155.6505126953125,14.965575325533555,0.6,2.4175160141246512,24
311,228,truck,0.4508979320526123,144.68690490722656,220.3220672607422,37.30641439065808,0.6,6.026420786183228,25
330,228,truck,0.41488146781921387,174.1476593017578,201.65530395507812,34.87669756733176,0.6,5.633928068568976,29
330,258,truck,0.4079247713088989,78.2174072265625,268.004638671875,74.49878747964627,0.6,12.034419515942858,30
331,216,truck,0.6097497940063477,436.4808349609375,177.68116760253906,43.60066449420166,0.6,7.0431842644479605,30
345,228,truck,0.3893694579601288,191.81214904785156,191.781005859375,20.23699533588446,0.6,3.269053092719797,33
346,216,truck,0.5928986668586731,479.71112060546875,201.70947265625,49.45924626412765,0.6,7.989570550359082,33
355,217,truck,0.6093695759773254,434.9255676269531,207.11019897460938,91.46302189956333,0.6,14.774795845314078,34
360,228,truck,0.272243469953537,206.13003540039062,182.0270233154297,17.324608489838145,0.6,2.7985906022046234,35
487,392,truck,0.3577384054660797,111.65792846679688,240.66717529296875,74.81492464220457,0.6,12.085487826817664,43
502,392,truck,0.6089844703674316,143.17796325683594,219.2953338623047,38.08238685372232,0.6,6.151770184062836,43
517,392,truck,0.3781968653202057,167.72540283203125,205.43576049804688,28.1897951532332,0.6,4.553736140137671,44
535,474,truck,0.5803174376487732,91.73193359375,245.7315216064453,57.904028053700635,0.6,9.353727608674719,46
536,449,truck,0.37496793270111084,95.18084716796875,244.08804321289062,100.40494182932431,0.6,16.219259833967776,46
538,392,truck,0.3081005811691284,190.523681640625,190.89947509765625,27.038216000907287,0.6,4.367711815531178,46
552,449,truck,0.5628270506858826,128.98960876464844,222.6407470703125,40.03771720300903,0.6,6.4676312404860745,47
562,392,truck,0.4110840857028961,208.69639587402344,177.98883056640625,22.291977278307154,0.6,3.601011714188079,47
562,520,truck,0.9065588116645813,47.35524368286133,270.9725341796875,40.35100813389766,0.6,6.518239775475776,47
567,449,truck,0.26624396443367004,151.6718292236328,207.94309997558594,27.027836896154977,0.6,4.3660351909173425,47
577,520,truck,0.44313061237335205,66.61669921875,264.6472473144531,20.273453305629676,0.6,3.2749424570632555,47
580,392,truck,0.3792899250984192,222.8118896484375,172.6514892578125,15.090870584562046,0.6,2.4377560175061768,47
589,449,truck,0.31837090849876404,176.66281127929688,193.04910278320312,29.092617123485986,0.6,4.699576612255429,47
594,520,truck,0.5580626726150513,81.41866302490234,242.90579223632812,26.301882089782925,0.6,4.248765568349549,48
605,449,truck,0.2701686918735504,191.71795654296875,184.37649536132812,17.37445023579433,0.6,2.8066419611667768,49
609,520,truck,0.7535051107406616,106.77945709228516,216.31201171875,36.747776093956524,0.6,5.936179215177593,50
620,449,truck,0.3040507733821869,205.06475830078125,177.69027709960938,14.927914149324726,0.6,2.411432285660148,50
623,628,truck,0.6905493140220642,144.0137939453125,267.15997314453125,70.99111410063938,0.6,11.46779535471867,50
624,520,truck,0.6030012369155884,140.81048583984375,199.58282470703125,37.92066302914959,0.6,6.1256455662472415,50
639,628,truck,0.4912981390953064,180.94602966308594,233.81663513183594,49.75709061436621,0.6,8.037683868474542,51
641,520,truck,0.6390464901924133,166.9281463623047,187.119873046875,28.93885618784781,0.6,4.674738307267724,51
662,628,truck,0.37102600932121277,212.02865600585938,206.55606079101562,41.34330120693678,0.6,6.678533271889788,54
671,520,truck,0.7260298728942871,198.24139404296875,171.292724609375,35.08586704652245,0.6,5.6677169844382425,57
677,628,truck,0.2826954126358032,226.49176025390625,193.9625244140625,19.1775528661909,0.6,3.0979123860769917,58
678,724,truck,0.864108145236969,52.050479888916016,276.85467529296875,30.55070508277489,0.6,4.935113897986714,59
679,622,truck,0.5872176289558411,400.23626708984375,201.78375244140625,35.99196111145429,0.6,5.8140860256964615,59
686,520,truck,0.6083475947380066,209.90536499023438,166.42025756835938,12.64077347525595,0.6,2.041971099849038,60
693,724,truck,0.7785317301750183,69.68811798095703,267.4512939453125,19.98774267339197,0.6,3.228789201086395,60
695,622,truck,0.3862139582633972,465.5386657714844,267.85296630859375,92.89534391924603,0.6,15.006170940801283,61
701,520,truck,0.3485199809074402,217.31851196289062,163.16455078125,8.096565611098585,0.6,1.3079067525620791,62
708,724,truck,0.5672231912612915,81.4020004272461,244.20452880859375,26.031272274525286,0.6,4.205051675115623,62
716,520,truck,0.505535364151001,227.025146484375,157.86236572265625,11.06037597955341,0.6,1.7866761197740124,62
735,724,truck,0.6174213886260986,137.3252410888672,204.7301025390625,68.45172868639806,0.6,11.057586941648918,62
780,724,truck,0.5555180907249451,197.16793823242188,172.57142639160156,67.93621347677909,0.6,10.974311407787392,65
796,724,truck,0.37724781036376953,210.12623596191406,166.83558654785156,14.17100338847369,0.6,2.289162085830365,67
826,923,truck,0.26018306612968445,262.46026611328125,141.10879516601562,2.865814961467607,0.6,0.46293933992938274,72
828,909,truck,0.5113889575004578,101.86636352539062,243.77264404296875,58.80280622156778,0.6,9.498914851176334,73
841,923,truck,0.28924620151519775,266.63134765625,139.88414001464844,4.3471486359943725,0.6,0.7022317027375525,73
858,923,truck,0.28394344449043274,270.0589599609375,138.79701232910156,3.595882811193031,0.6,0.5808733771927205,76
878,909,truck,0.2554619014263153,186.53973388671875,191.90170288085938,99.2984079838393,0.6,16.040512058927888,76
894,909,truck,0.2510140836238861,201.36026000976562,182.60678100585938,17.494101265899957,0.6,2.8259702044915316,76
1112,1161,truck,0.4882715046405792,480.1182556152344,252.72317504882812,76.11047044222957,0.6,12.294768302206315,83
1283,1421,truck,0.4921771287918091,495.54833984375,271.1086120605469,98.40575877140016,0.6,15.89631487845695,88
1315,1474,truck,0.38760292530059814,154.75303649902344,257.42303466796875,90.67236908576393,0.6,14.647075006161867,93
1335,1474,truck,0.39542412757873535,193.67166137695312,221.92233276367188,52.67787945974097,0.6,8.50950360503508,96
1372,1474,truck,0.265480101108551,230.6995849609375,189.39071655273438,49.28867057321591,0.6,7.96201601567334,96
1507,1611,truck,0.5965823531150818,479.16778564453125,220.04527282714844,59.76407064972231,0.6,9.654196028032066,102
1520,1581,truck,0.5570305585861206,231.90216064453125,176.27017211914062,104.36615793385805,0.6,16.859148589315534,103
1535,1581,truck,0.6673509478569031,241.29910278320312,169.89976501464844,11.35273592739254,0.6,1.8339034959634106,105
1552,1581,truck,0.4554358422756195,249.2249755859375,163.1903076171875,10.384424548012248,0.6,1.6774839654481326,107
1573,1581,truck,0.36998414993286133,256.41619873046875,157.6842041015625,9.057089407214297,0.6,1.4630682888576942,109
1588,1581,truck,0.4551447033882141,260.75042724609375,154.99761962890625,5.09934044855351,0.6,0.8237396109201824,111
1603,1581,truck,0.3115575611591339,264.50164794921875,152.23434448242188,4.659114494179452,0.6,0.7526261875212961,112
1660,1799,truck,0.25476202368736267,392.0299987792969,154.5430450439453,13.251847624165528,0.6,2.140683077749816,115
1675,1799,truck,0.37880054116249084,405.4898681640625,162.53265380859375,15.652537745241535,0.6,2.5284868665390174,117
1700,1799,truck,0.3491522967815399,445.3276672363281,186.89413452148438,46.69616667802482,0.6,7.543226924911702,117
1734,1799,truck,0.4274606704711914,589.272705078125,298.38153076171875,182.07035255980037,0.6,29.411364644275444,117
1840,1991,truck,0.2978782653808594,100.88723754882812,239.77291870117188,61.83014077772871,0.6,9.987945817940792,122
1855,1991,truck,0.41892555356025696,138.266357421875,218.27029418945312,43.1226335401434,0.6,6.9659638795616265,122
1895,1991,truck,0.28535640239715576,194.1427764892578,184.37200927734375,65.35493911255867,0.6,10.557336318182555,122
2330,2426,truck,0.8539087176322937,46.52075958251953,277.5111999511719,34.430769745584215,0.6,5.561893574286681,130
2345,2426,truck,0.697763204574585,64.61735534667969,270.37725830078125,19.45198995810141,0.6,3.1422445316933048,130
2362,2426,truck,0.7744069695472717,78.96572875976562,250.16700744628906,24.785682926338744,0.6,4.003841088100875,132
2377,2426,truck,0.43696361780166626,92.64852142333984,227.97854614257812,26.068115214939784,0.6,4.211003227028734,132
2453,2426,truck,0.5989122986793518,194.9443359375,173.20443725585938,116.03722126434259,0.6,18.744474204239957,134
2469,2426,truck,0.704713761806488,204.216552734375,168.38711547851562,10.4489518803538,0.6,1.6879076114417677,135
2484,2426,truck,0.5638869404792786,211.31524658203125,165.02806091308594,7.8533242445905564,0.6,1.2686139164338592,137
2502,2426,truck,0.5986165404319763,217.709228515625,162.14700317382812,7.013094507267893,0.6,1.1328844973278904,137
2527,2426,truck,0.2994069755077362,227.19219970703125,159.0787353515625,9.966996089462626,0.6,1.610053214451655,138
2548,2426,truck,0.5188276171684265,232.91448974609375,162.72256469726562,6.783958632433021,0.6,1.0958702406237957,138
2567,2589,truck,0.47899600863456726,396.3247375488281,153.75096130371094,12.68461027263174,0.6,2.0490524286558967,142
2592,2589,truck,0.2996678948402405,429.06842041015625,172.96441650390625,37.964531658674524,0.6,6.1327320371705,143
2609,2589,truck,0.5127202272415161,474.6559753417969,200.20339965820312,53.10543527605602,0.6,8.578570313824434,144
2651,2609,truck,0.29374465346336365,252.2354736328125,145.87625122070312,17.633790333431932,0.6,2.848535361554389,144
2666,2609,truck,0.2740181088447571,254.12960815429688,144.16250610351562,2.5543429174384875,0.6,0.41262462512467873,145
2688,2742,truck,0.26322710514068604,379.4777526855469,142.44903564453125,8.030713727687859,0.6,1.2972691406265002,147
2703,2742,truck,0.4359343647956848,388.2093200683594,147.29840087890625,9.987823320676963,0.6,1.6134176133401248,147
2719,2742,truck,0.3869192898273468,400.02886962890625,154.32546997070312,13.750689125131716,0.6,2.221265166367431,151
2726,2816,truck,0.39495980739593506,365.08343505859375,142.22561645507812,6.556013698337807,0.6,1.059048366654569,151
2734,2742,truck,0.4790583550930023,417.7373046875,164.39756774902344,20.372428123243402,0.6,3.2909306968316265,152
2751,2742,truck,0.6017656326293945,450.83587646484375,182.65518188476562,37.80021107125263,0.6,6.106187942279271,153
2766,2742,truck,0.44949081540107727,508.7583312988281,216.95921325683594,67.31847698626284,0.6,10.874523205473228,153
2778,2816,truck,0.3869199752807617,410.13165283203125,179.62515258789062,58.54970010864701,0.6,9.458028479089132,154
2796,2816,truck,0.5148633718490601,463.829345703125,222.1293182373047,68.48391334261463,0.6,11.062786001499287,155
2838,2882,truck,0.5206529498100281,493.38427734375,210.246826171875,59.18097203638916,0.6,9.560003175109019,159
2853,2882,truck,0.4512849748134613,583.744873046875,278.972900390625,113.52669530500305,0.6,18.338927703115875,159
2954,3008,truck,0.425626665353775,62.27446746826172,272.81591796875,40.27773755535588,0.6,6.5064037589421035,162
2969,3008,truck,0.39933598041534424,95.60586547851562,251.8174591064453,39.39438232030599,0.6,6.363707913280199,164
2984,3008,truck,0.33722805976867676,119.27262878417969,237.34210205078125,27.74259561266979,0.6,4.48149621435435,167
3012,3022,truck,0.3955356180667877,459.62847900390625,198.68507385253906,85.06624831014061,0.6,13.741470880868869,167
